{
  "datafile-fetch.csv": {
    "avg": 201.12401999999997,
    "sd": 42.113299424523845,
    "min": 145.547,
    "max": 392.642
  },
  "decisions-live-unready.csv → First valid decision time": {
    "avg": 198.14245999999991,
    "sd": 38.358213878234736,
    "min": 151.186,
    "max": 370.538
  },
  "decisions-live-unready.csv → Valid decision durations": {
    "avg": 0.10846355561821534,
    "sd": 0.3620059843404662,
    "min": 0.012,
    "max": 28.016
  },
  "decisions-live-unready.csv → Invalid decision durations": {
    "avg": 0.02703246753246774,
    "sd": 0.06307184306342901,
    "min": 0.002,
    "max": 1.572
  },
  "decisions-stale-unready.csv → First valid decision time": {
    "avg": 193.80931999999996,
    "sd": 32.37170981486148,
    "min": 146.856,
    "max": 337.767
  },
  "decisions-stale-unready.csv → Valid decision durations": {
    "avg": 0.10723024103139023,
    "sd": 0.20334275193311116,
    "min": 0.014,
    "max": 8.962
  },
  "decisions-stale-unready.csv → Invalid decision durations": {
    "avg": 0.0555985445724686,
    "sd": 0.23753632161252128,
    "min": 0.006,
    "max": 9.02
  },
  "decisions-static-unready.csv → First valid decision time": {
    "avg": 6.020359999999999,
    "sd": 0.7397003652831327,
    "min": 4.793,
    "max": 9.702
  },
  "decisions-static-unready.csv → Valid decision durations": {
    "avg": 0.09826324146535113,
    "sd": 0.1677615120331559,
    "min": 0.013,
    "max": 7.968
  },
  "decisions-static-unready.csv → Invalid decision durations": null,
  "init-live.csv": {
    "avg": 186.3055,
    "sd": 29.890622609942398,
    "min": 145.899,
    "max": 336.126
  },
  "init-static.csv": {
    "avg": 0.45978,
    "sd": 0.5999901095851498,
    "min": 0.102,
    "max": 4.084
  }
}